{
	"info": {
		"_postman_id": "qr-code-api-collection-2025",
		"name": "QR Code Generator API - Complete Collection",
		"description": "Professional QR Code Generation API with advanced customization options.\n\n**Features:**\n- 8 QR code types: URL, Text, Email, Phone, SMS, vCard, WiFi, Location\n- Multiple formats: PNG, JPEG, SVG, PDF\n- Custom colors and shapes\n- Error correction levels\n- High-performance with 99.9% uptime\n\n**Base URL:** https://site--qr-code-generator-api--lrw6bbnkrwj5.code.run",
		"schema": "https://schema.getpostman.com/json/collection/v2.1.0/collection.json"
	},
	"item": [
		{
			"name": "QR Code Generation",
			"item": [
				{
					"name": "Generate URL QR Code",
					"request": {
						"method": "POST",
						"header": [
							{
								"key": "Content-Type",
								"value": "application/json"
							},
							{
								"key": "X-API-Key",
								"value": "{{api_key}}",
								"description": "Your API key for authentication"
							}
						],
						"body": {
							"mode": "raw",
							"raw": "{\n  \"url\": \"https://northflank.com\",\n  \"options\": {\n    \"size\": 15,\n    \"format\": \"SVG\",\n    \"foreground_color\": \"#1e40af\",\n    \"background_color\": \"#f0f9ff\",\n    \"module_drawer\": \"rounded\",\n    \"error_correction\": \"H\"\n  }\n}"
						},
						"url": {
							"raw": "{{base_url}}/api/v1/qr/url",
							"host": [
								"{{base_url}}"
							],
							"path": [
								"api",
								"v1",
								"qr",
								"url"
							]
						},
						"description": "Generate a QR code for a website URL with full customization options."
					},
					"response": [
						{
							"name": "Successful URL QR Generation",
							"originalRequest": {
								"method": "POST",
								"header": [
									{
										"key": "Content-Type",
										"value": "application/json"
									}
								],
								"body": {
									"mode": "raw",
									"raw": "{\n  \"url\": \"https://northflank.com\",\n  \"options\": {\n    \"format\": \"PNG\",\n    \"size\": 12\n  }\n}"
								},
								"url": {
									"raw": "{{base_url}}/api/v1/qr/url",
									"host": [
										"{{base_url}}"
									],
									"path": [
										"api",
										"v1",
										"qr",
										"url"
									]
								}
							},
							"status": "OK",
							"code": 200,
							"_postman_previewlanguage": "json",
							"header": [
								{
									"key": "Content-Type",
									"value": "application/json"
								}
							],
							"cookie": [],
							"body": "{\n  \"success\": true,\n  \"data\": {\n    \"qr_code\": \"data:image/png;base64,iVBORw0KGgoAAAANSUhEUgAAAUoAAAFKCAIAAAD0S4FSAAAEnk...\",\n    \"content\": \"https://northflank.com\",\n    \"format\": \"PNG\",\n    \"options\": {\n      \"foreground_color\": \"#000000\",\n      \"background_color\": \"#FFFFFF\",\n      \"size\": 12,\n      \"border\": 4,\n      \"error_correction\": \"M\",\n      \"format\": \"PNG\",\n      \"module_drawer\": \"square\"\n    }\n  }\n}"
						}
					]
				},
				{
					"name": "Generate Text QR Code",
					"request": {
						"method": "POST",
						"header": [
							{
								"key": "Content-Type",
								"value": "application/json"
							},
							{
								"key": "X-API-Key",
								"value": "{{api_key}}"
							}
						],
						"body": {
							"mode": "raw",
							"raw": "{\n  \"text\": \"Hello World! This is a custom QR code with text content.\",\n  \"options\": {\n    \"format\": \"JPEG\",\n    \"foreground_color\": \"#2563eb\",\n    \"background_color\": \"#ffffff\",\n    \"module_drawer\": \"circle\"\n  }\n}"
						},
						"url": {
							"raw": "{{base_url}}/api/v1/qr/text",
							"host": [
								"{{base_url}}"
							],
							"path": [
								"api",
								"v1",
								"qr",
								"text"
							]
						},
						"description": "Generate a QR code containing plain text with custom styling."
					}
				},
				{
					"name": "Generate Email QR Code",
					"request": {
						"method": "POST",
						"header": [
							{
								"key": "Content-Type",
								"value": "application/json"
							},
							{
								"key": "X-API-Key",
								"value": "{{api_key}}"
							}
						],
						"body": {
							"mode": "raw",
							"raw": "{\n  \"email\": \"contact@example.com\",\n  \"subject\": \"QR Code Inquiry\",\n  \"body\": \"Hello, I found your contact information via QR code.\",\n  \"options\": {\n    \"format\": \"PNG\",\n    \"size\": 12,\n    \"error_correction\": \"M\"\n  }\n}"
						},
						"url": {
							"raw": "{{base_url}}/api/v1/qr/email",
							"host": [
								"{{base_url}}"
							],
							"path": [
								"api",
								"v1",
								"qr",
								"email"
							]
						},
						"description": "Generate a QR code that opens email client with pre-filled information."
					}
				},
				{
					"name": "Generate Phone QR Code",
					"request": {
						"method": "POST",
						"header": [
							{
								"key": "Content-Type",
								"value": "application/json"
							},
							{
								"key": "X-API-Key",
								"value": "{{api_key}}"
							}
						],
						"body": {
							"mode": "raw",
							"raw": "{\n  \"phone\": \"+1234567890\",\n  \"options\": {\n    \"format\": \"PNG\",\n    \"foreground_color\": \"#059669\",\n    \"module_drawer\": \"rounded\"\n  }\n}"
						},
						"url": {
							"raw": "{{base_url}}/api/v1/qr/phone",
							"host": [
								"{{base_url}}"
							],
							"path": [
								"api",
								"v1",
								"qr",
								"phone"
							]
						},
						"description": "Generate a QR code that initiates a phone call."
					}
				},
				{
					"name": "Generate SMS QR Code",
					"request": {
						"method": "POST",
						"header": [
							{
								"key": "Content-Type",
								"value": "application/json"
							},
							{
								"key": "X-API-Key",
								"value": "{{api_key}}"
							}
						],
						"body": {
							"mode": "raw",
							"raw": "{\n  \"phone\": \"+1234567890\",\n  \"message\": \"Hello! This message was sent via QR code.\",\n  \"options\": {\n    \"format\": \"SVG\",\n    \"foreground_color\": \"#dc2626\"\n  }\n}"
						},
						"url": {
							"raw": "{{base_url}}/api/v1/qr/sms",
							"host": [
								"{{base_url}}"
							],
							"path": [
								"api",
								"v1",
								"qr",
								"sms"
							]
						},
						"description": "Generate a QR code that opens SMS app with pre-filled message."
					}
				},
				{
					"name": "Generate vCard QR Code",
					"request": {
						"method": "POST",
						"header": [
							{
								"key": "Content-Type",
								"value": "application/json"
							},
							{
								"key": "X-API-Key",
								"value": "{{api_key}}"
							}
						],
						"body": {
							"mode": "raw",
							"raw": "{\n  \"name\": \"John Doe\",\n  \"organization\": \"Acme Corp\",\n  \"title\": \"Software Engineer\",\n  \"phone\": \"+1234567890\",\n  \"email\": \"john.doe@example.com\",\n  \"website\": \"https://johndoe.com\",\n  \"address\": \"123 Main St\",\n  \"city\": \"New York\",\n  \"state\": \"NY\",\n  \"zipcode\": \"10001\",\n  \"country\": \"USA\",\n  \"options\": {\n    \"format\": \"PNG\",\n    \"size\": 15,\n    \"error_correction\": \"H\"\n  }\n}"
						},
						"url": {
							"raw": "{{base_url}}/api/v1/qr/vcard",
							"host": [
								"{{base_url}}"
							],
							"path": [
								"api",
								"v1",
								"qr",
								"vcard"
							]
						},
						"description": "Generate a QR code containing complete contact information in vCard format."
					}
				},
				{
					"name": "Generate WiFi QR Code",
					"request": {
						"method": "POST",
						"header": [
							{
								"key": "Content-Type",
								"value": "application/json"
							},
							{
								"key": "X-API-Key",
								"value": "{{api_key}}"
							}
						],
						"body": {
							"mode": "raw",
							"raw": "{\n  \"ssid\": \"MyWiFiNetwork\",\n  \"password\": \"mypassword123\",\n  \"encryption\": \"WPA\",\n  \"options\": {\n    \"format\": \"PDF\",\n    \"size\": 20,\n    \"foreground_color\": \"#7c3aed\"\n  }\n}"
						},
						"url": {
							"raw": "{{base_url}}/api/v1/qr/wifi",
							"host": [
								"{{base_url}}"
							],
							"path": [
								"api",
								"v1",
								"qr",
								"wifi"
							]
						},
						"description": "Generate a QR code for automatic WiFi network connection."
					}
				},
				{
					"name": "Generate Location QR Code",
					"request": {
						"method": "POST",
						"header": [
							{
								"key": "Content-Type",
								"value": "application/json"
							},
							{
								"key": "X-API-Key",
								"value": "{{api_key}}"
							}
						],
						"body": {
							"mode": "raw",
							"raw": "{\n  \"latitude\": 40.7128,\n  \"longitude\": -74.0060,\n  \"options\": {\n    \"format\": \"PNG\",\n    \"foreground_color\": \"#ea580c\",\n    \"background_color\": \"#fed7aa\",\n    \"module_drawer\": \"circle\"\n  }\n}"
						},
						"url": {
							"raw": "{{base_url}}/api/v1/qr/location",
							"host": [
								"{{base_url}}"
							],
							"path": [
								"api",
								"v1",
								"qr",
								"location"
							]
						},
						"description": "Generate a QR code containing GPS coordinates for location sharing."
					}
				}
			],
			"description": "All QR code generation endpoints with examples and customization options."
		},
		{
			"name": "System",
			"item": [
				{
					"name": "Health Check",
					"request": {
						"method": "GET",
						"header": [],
						"url": {
							"raw": "{{base_url}}/health",
							"host": [
								"{{base_url}}"
							],
							"path": [
								"health"
							]
						},
						"description": "Check the API health status and uptime."
					},
					"response": [
						{
							"name": "Healthy Response",
							"originalRequest": {
								"method": "GET",
								"header": [],
								"url": {
									"raw": "{{base_url}}/health",
									"host": [
										"{{base_url}}"
									],
									"path": [
										"health"
									]
								}
							},
							"status": "OK",
							"code": 200,
							"_postman_previewlanguage": "json",
							"header": [
								{
									"key": "Content-Type",
									"value": "application/json"
								}
							],
							"cookie": [],
							"body": "{\n  \"status\": \"healthy\",\n  \"timestamp\": \"2025-08-12T00:00:00.000Z\"\n}"
						}
					]
				}
			]
		}
	],
	"event": [
		{
			"listen": "prerequest",
			"script": {
				"type": "text/javascript",
				"exec": [
					"// Set default values if variables are not defined",
					"if (!pm.environment.get('base_url')) {",
					"    pm.environment.set('base_url', 'https://site--qr-code-generator-api--lrw6bbnkrwj5.code.run');",
					"}",
					"",
					"// Log request details for debugging",
					"console.log('Making request to: ' + pm.environment.get('base_url'));"
				]
			}
		},
		{
			"listen": "test",
			"script": {
				"type": "text/javascript",
				"exec": [
					"// Basic response validation",
					"pm.test('Response status code is 200', function () {",
					"    pm.expect(pm.response.code).to.equal(200);",
					"});",
					"",
					"pm.test('Response has JSON content type', function () {",
					"    pm.expect(pm.response.headers.get('Content-Type')).to.include('application/json');",
					"});",
					"",
					"// Validate QR response structure for generation endpoints",
					"if (pm.request.url.path.includes('/qr/')) {",
					"    pm.test('QR response contains required fields', function () {",
					"        const responseJson = pm.response.json();",
					"        pm.expect(responseJson).to.have.property('success');",
					"        pm.expect(responseJson).to.have.property('data');",
					"        pm.expect(responseJson.data).to.have.property('qr_code');",
					"        pm.expect(responseJson.data).to.have.property('content');",
					"        pm.expect(responseJson.data).to.have.property('format');",
					"    });",
					"    ",
					"    pm.test('QR code is base64 data URI', function () {",
					"        const responseJson = pm.response.json();",
					"        pm.expect(responseJson.data.qr_code).to.match(/^data:image\\/.+;base64,.+/);",
					"    });",
					"}"
				]
			}
		}
	],
	"variable": [
		{
			"key": "base_url",
			"value": "https://site--qr-code-generator-api--lrw6bbnkrwj5.code.run",
			"description": "Base URL for the QR Code API"
		},
		{
			"key": "api_key",
			"value": "your_api_key_here",
			"description": "Your API key for authentication (if required)"
		}
	]
}